"Handle","Title","Body (HTML)","Vendor","Type","Tags","Published","Option1 Name","Option1 Value","Option2 Name","Option2 Value","Option3 Name","Option3 Value","Variant SKU","Variant Grams","Variant Inventory Tracker","Variant Inventory Qty","Variant Inventory Policy","Variant Fulfillment Service","Variant Price","Variant Compare At Price","Variant Requires Shipping","Variant Taxable","Variant Barcode","Image Src","Image Position","Image Alt Text","Gift Card","SEO Title","SEO Description","Google Shopping / Google Product Category","Google Shopping / Gender","Google Shopping / Age Group","Google Shopping / MPN","Google Shopping / AdWords Grouping","Google Shopping / AdWords Labels","Google Shopping / Condition","Google Shopping / Custom Product","Google Shopping / Custom Label 0","Google Shopping / Custom Label 1","Google Shopping / Custom Label 2","Google Shopping / Custom Label 3","Google Shopping / Custom Label 4","Variant Image","Variant Weight Unit","Variant Tax Code"
"weekdays-dad-hat-white","Weekdays Dad Hat, White","<meta charset=""utf-8""><meta charset=""utf-8""><meta charset=""utf-8"">
<p><span>Even women can look like cool dads in this sweet hat.</span><br><i>• 6-Panel<br>• 100% Cotton<br>• 3 1/4"" Unstructured relaxed<br>• Extra low profile<br>• Matching cotton sweatband and under visor<br>• Cloth strap with antique rail buckle</i></p>
<p><i>One size fits most</i></p>","days off","Accessories","Accessories","TRUE","Color","White",,,,,"DO161173-White",454,"shopify",2,"deny","manual",30,,"TRUE","TRUE",,"https://cdn.shopify.com/s/files/1/1510/6376/products/days_off_hat__0001_2K3A5425.jpg?v=1492663109",1,"Weekdays Dad Hat, White - days off","FALSE",,,,,,,,,,,,,,,,"https://cdn.shopify.com/s/files/1/1510/6376/products/days_off_hat__0001_2K3A5425.jpg?v=1492663109","lb",
"weekdays-dad-hat-white",,,,,,,,,,,,,,,,,,,,,,,,"https://cdn.shopify.com/s/files/1/1510/6376/products/days_off_hat__0000_2K3A5427.jpg?v=1492663110",2,"Weekdays Dad Hat, White - days off",,,,,,,,,,,,,,,,,,,
"weekdays-dad-hat","Weekdays Dad Hat, Navy","<meta charset=""utf-8""><meta charset=""utf-8""><meta charset=""utf-8"">
<p><span>Even women can look like cool dads in this sweet hat.</span><br><i>• 6-Panel<br>• 100% Cotton<br>• 3 1/4"" Unstructured relaxed<br>• Extra low profile<br>• Matching cotton sweatband and under visor<br>• Cloth strap with antique rail buckle</i></p>
<p><i>One size fits most</i></p>","days off","Accessories","Accessories","TRUE","Color","Navy",,,,,"DO161173-Navy",454,"shopify",2,"deny","manual",30,,"TRUE","TRUE",,"https://cdn.shopify.com/s/files/1/1510/6376/products/days_off_hat__0003_2K3A5418.jpg?v=1492663108",1,"Weekdays Dad Hat, Navy - days off","FALSE",,,,,,,,,,,,,,,,"https://cdn.shopify.com/s/files/1/1510/6376/products/days_off_hat__0003_2K3A5418.jpg?v=1492663108","lb",
"weekdays-dad-hat",,,,,,,,,,,,,,,,,,,,,,,,"https://cdn.shopify.com/s/files/1/1510/6376/products/days_off_hat__0002_2K3A5424.jpg?v=1492663109",2,"Weekdays Dad Hat, Navy - days off",,,,,,,,,,,,,,,,,,,
"owen-tote-bag","Owen Tote Bag","<meta charset=""utf-8"">
<p><span>Large enough for a 6 pack and a beach towel, small enough so that you don't look like a man with a purse.</span><br><i>• 100% Cotton sheeting<br>• Natural color body and navy handles<br>• 22"" handles (self fabric)<br>• 15""W x 16""H Body<br>• Screen printed artwork on front and back (centered)<br></i></p>","days off","Accessories","Accessories","TRUE","Color","Canvas",,,,,"DO161172-Canvas",454,"shopify",5,"deny","manual",28,,"TRUE","TRUE",,"https://cdn.shopify.com/s/files/1/1510/6376/products/Messages_Image_2509141854.png?v=1493392789",1,"Owen Tote Bag - days off","FALSE",,,,,,,,,,,,,,,,"https://cdn.shopify.com/s/files/1/1510/6376/products/Messages_Image_2300278726.png?v=1493392789","lb",
"owen-tote-bag",,,,,,,,,,,,,,,,,,,,,,,,"https://cdn.shopify.com/s/files/1/1510/6376/products/Messages_Image_2300278726.png?v=1493392789",2,"Owen Tote Bag - days off",,,,,,,,,,,,,,,,,,,
"weekend-longsleeve-tee-white","Weekend Longsleeve Tee, White","<meta charset=""utf-8""><span>Days off are better than others. </span><br><i>• Weekdays logo printed on left chest<br>• Cross out logo printed on back<br>• 100% Cotton</i>","Days Off","Tees","Tops","TRUE","Size","S","Color","White",,,"DO168888-White",454,"shopify",0,"deny","manual",44,,"TRUE","TRUE",,"https://cdn.shopify.com/s/files/1/1510/6376/products/longsleeve_tees__0004_2K3A5768edit.jpg?v=1492663112",1,"Weekend Longsleeve Tee, White - days off","FALSE",,,,,,,,,,,,,,,,"https://cdn.shopify.com/s/files/1/1510/6376/products/longsleeve_tees__0004_2K3A5768edit.jpg?v=1492663112","lb",
"weekend-longsleeve-tee-white",,,,,,,,"M",,"White",,,"DO168888-White",454,"shopify",2,"deny","manual",44,,"TRUE","TRUE",,"https://cdn.shopify.com/s/files/1/1510/6376/products/longsleeve_tees__0005_2K3A5766edit.jpg?v=1492663113",2,"Weekend Longsleeve Tee, White - days off",,,,,,,,,,,,,,,,,"https://cdn.shopify.com/s/files/1/1510/6376/products/longsleeve_tees__0004_2K3A5768edit.jpg?v=1492663112","lb",
"weekend-longsleeve-tee-white",,,,,,,,"L",,"White",,,"DO168888-White",454,"shopify",1,"deny","manual",44,,"TRUE","TRUE",,,,,,,,,,,,,,,,,,,,,"https://cdn.shopify.com/s/files/1/1510/6376/products/longsleeve_tees__0004_2K3A5768edit.jpg?v=1492663112","lb",
"weekend-longsleeve-tee-white",,,,,,,,"XL",,"White",,,"DO168888-White",454,"shopify",1,"deny","manual",44,,"TRUE","TRUE",,,,,,,,,,,,,,,,,,,,,"https://cdn.shopify.com/s/files/1/1510/6376/products/longsleeve_tees__0004_2K3A5768edit.jpg?v=1492663112","lb",
"weekend-longsleeve-tee-white",,,,,,,,"2XL",,"White",,,"DO168888-White",454,"shopify",1,"deny","manual",44,,"TRUE","TRUE",,,,,,,,,,,,,,,,,,,,,"https://cdn.shopify.com/s/files/1/1510/6376/products/longsleeve_tees__0004_2K3A5768edit.jpg?v=1492663112","lb",
"weekend-longsleeve-tee-yellow","Weekend Longsleeve Tee, Yellow","<meta charset=""utf-8""><span>Days off are better than others. </span><br><i>• Weekdays logo printed on left chest<br>• Cross out logo printed on back<br>• 100% Cotton</i>","Days Off","Tees","Tops","TRUE","Size","S","Color","Yellow",,,"DO168888-Yellow",454,"shopify",0,"deny","manual",44,,"TRUE","TRUE",,"https://cdn.shopify.com/s/files/1/1510/6376/products/longsleeve_tees__0003_2K3A5785edit.jpg?v=1492663114",1,"Weekend Longsleeve Tee, Yellow - days off","FALSE",,,,,,,,,,,,,,,,"https://cdn.shopify.com/s/files/1/1510/6376/products/longsleeve_tees__0003_2K3A5785edit.jpg?v=1492663114","lb",
"weekend-longsleeve-tee-yellow",,,,,,,,"M",,"Yellow",,,"DO168888-Yellow",454,"shopify",1,"deny","manual",44,,"TRUE","TRUE",,"https://cdn.shopify.com/s/files/1/1510/6376/products/longsleeve_tees__0002_2K3A5781edit.jpg?v=1492663115",2,"Weekend Longsleeve Tee, Yellow - days off",,,,,,,,,,,,,,,,,"https://cdn.shopify.com/s/files/1/1510/6376/products/longsleeve_tees__0003_2K3A5785edit.jpg?v=1492663114","lb",
"weekend-longsleeve-tee-yellow",,,,,,,,"L",,"Yellow",,,"DO168888-Yellow",454,"shopify",1,"deny","manual",44,,"TRUE","TRUE",,,,,,,,,,,,,,,,,,,,,"https://cdn.shopify.com/s/files/1/1510/6376/products/longsleeve_tees__0003_2K3A5785edit.jpg?v=1492663114","lb",
"weekend-longsleeve-tee-yellow",,,,,,,,"XL",,"Yellow",,,"DO168888-Yellow",454,"shopify",0,"deny","manual",44,,"TRUE","TRUE",,,,,,,,,,,,,,,,,,,,,"https://cdn.shopify.com/s/files/1/1510/6376/products/longsleeve_tees__0003_2K3A5785edit.jpg?v=1492663114","lb",
"weekend-longsleeve-tee-yellow",,,,,,,,"2XL",,"Yellow",,,"DO168888-Yellow",454,"shopify",0,"deny","manual",44,,"TRUE","TRUE",,,,,,,,,,,,,,,,,,,,,"https://cdn.shopify.com/s/files/1/1510/6376/products/longsleeve_tees__0003_2K3A5785edit.jpg?v=1492663114","lb",
"weekend-longsleeve-tee","Weekend Longsleeve Tee, Navy","<meta charset=""utf-8""><span>Days off are better than others. </span><br><i>• Weekdays logo printed on left chest<br>• Cross out logo printed on back<br>• 100% Cotton<br></i>","Days Off","Tees","Tops","TRUE","Size","S","Color","Navy",,,"DO168888-Navy",454,"shopify",1,"deny","manual",44,,"TRUE","TRUE",,"https://cdn.shopify.com/s/files/1/1510/6376/products/longsleeve_tees__0001_2K3A5774edit.jpg?v=1492663111",1,"Weekend Longsleeve Tee, Navy - days off","FALSE",,,,,,,,,,,,,,,,"https://cdn.shopify.com/s/files/1/1510/6376/products/longsleeve_tees__0001_2K3A5774edit.jpg?v=1492663111","lb",
"weekend-longsleeve-tee",,,,,,,,"M",,"Navy",,,"DO168888-Navy",454,"shopify",1,"deny","manual",44,,"TRUE","TRUE",,"https://cdn.shopify.com/s/files/1/1510/6376/products/longsleeve_tees__0000_2K3A5773edit.jpg?v=1492663111",2,"Weekend Longsleeve Tee, Navy - days off",,,,,,,,,,,,,,,,,"https://cdn.shopify.com/s/files/1/1510/6376/products/longsleeve_tees__0001_2K3A5774edit.jpg?v=1492663111","lb",
"weekend-longsleeve-tee",,,,,,,,"L",,"Navy",,,"DO168888-Navy",454,"shopify",2,"deny","manual",44,,"TRUE","TRUE",,,,,,,,,,,,,,,,,,,,,"https://cdn.shopify.com/s/files/1/1510/6376/products/longsleeve_tees__0001_2K3A5774edit.jpg?v=1492663111","lb",
"weekend-longsleeve-tee",,,,,,,,"XL",,"Navy",,,"DO168888-Navy",454,"shopify",1,"deny","manual",44,,"TRUE","TRUE",,,,,,,,,,,,,,,,,,,,,"https://cdn.shopify.com/s/files/1/1510/6376/products/longsleeve_tees__0001_2K3A5774edit.jpg?v=1492663111","lb",
"weekend-longsleeve-tee",,,,,,,,"2XL",,"Navy",,,"DO168888-Navy",454,"shopify",1,"deny","manual",44,,"TRUE","TRUE",,,,,,,,,,,,,,,,,,,,,"https://cdn.shopify.com/s/files/1/1510/6376/products/longsleeve_tees__0001_2K3A5774edit.jpg?v=1492663111","lb",
"mtwtf-t-shirt-obsidian-black","Weekdays T-Shirt, Obsidian Black",,"Days Off","Tees","Tops","FALSE","Size","S","Color","Obsidian Black",,,"DO161112-Obsidian Black",181,"shopify",2,"deny","manual",36,,"TRUE","TRUE",,,,,"FALSE",,,,,,,,,,,,,,,,,"lb",
"mtwtf-t-shirt-obsidian-black",,,,,,,,"M",,"Obsidian Black",,,"DO161112-Obsidian Black",181,"shopify",4,"deny","manual",36,,"TRUE","TRUE",,,,,,,,,,,,,,,,,,,,,,"lb",
"mtwtf-t-shirt-obsidian-black",,,,,,,,"L",,"Obsidian Black",,,"DO161112-Obsidian Black",181,"shopify",4,"deny","manual",36,,"TRUE","TRUE",,,,,,,,,,,,,,,,,,,,,,"lb",
"mtwtf-t-shirt-obsidian-black",,,,,,,,"XL",,"Obsidian Black",,,"DO161112-Obsidian Black",181,"shopify",2,"deny","manual",36,,"TRUE","TRUE",,,,,,,,,,,,,,,,,,,,,,"lb",
"mtwtf-t-shirt-obsidian-black",,,,,,,,"2XL",,"Obsidian Black",,,"DO161112-Obsidian Black",181,"shopify",1,"deny","manual",36,,"TRUE","TRUE",,,,,,,,,,,,,,,,,,,,,,"lb",
"mtwtf-t-shirt-white","Weekdays T-Shirt, White","<meta charset=""utf-8""><span>Days off are better than others. </span><br><i>• Weekdays logo printed on center chest<br>• 100% Cotton</i>","Days Off","Tees","Tops","TRUE","Size","S","Color","White",,,"DO161112-White",181,"shopify",1,"deny","manual",36,,"TRUE","TRUE",,"https://cdn.shopify.com/s/files/1/1510/6376/products/mtwtf_tee.jpg?v=1492663110",1,"Weekdays T-Shirt, White - days off","FALSE",,,,,,,,,,,,,,,,"https://cdn.shopify.com/s/files/1/1510/6376/products/mtwtf_tee.jpg?v=1492663110","lb",
"mtwtf-t-shirt-white",,,,,,,,"M",,"White",,,"DO161112-White",181,"shopify",3,"deny","manual",36,,"TRUE","TRUE",,"https://cdn.shopify.com/s/files/1/1510/6376/products/0006_2K3A9767.jpg?v=1492663110",2,"Weekdays T-Shirt, White - days off",,,,,,,,,,,,,,,,,"https://cdn.shopify.com/s/files/1/1510/6376/products/mtwtf_tee.jpg?v=1492663110","lb",
"mtwtf-t-shirt-white",,,,,,,,"L",,"White",,,"DO161112-White",181,"shopify",3,"deny","manual",36,,"TRUE","TRUE",,,,,,,,,,,,,,,,,,,,,"https://cdn.shopify.com/s/files/1/1510/6376/products/mtwtf_tee.jpg?v=1492663110","lb",
"mtwtf-t-shirt-white",,,,,,,,"XL",,"White",,,"DO161112-White",181,"shopify",2,"deny","manual",36,,"TRUE","TRUE",,,,,,,,,,,,,,,,,,,,,"https://cdn.shopify.com/s/files/1/1510/6376/products/mtwtf_tee.jpg?v=1492663110","lb",
"mtwtf-t-shirt-white",,,,,,,,"2XL",,"White",,,"DO161112-White",181,"shopify",1,"deny","manual",36,,"TRUE","TRUE",,,,,,,,,,,,,,,,,,,,,"https://cdn.shopify.com/s/files/1/1510/6376/products/mtwtf_tee.jpg?v=1492663110","lb",
"forster-travel-pouch","Forster Travel Pouch","<meta charset=""utf-8"">
<p><span>We travel a lot and all of those times that our toothpaste exploded inside our travel kits really got old, so we lined this pouch with Tyvek which is everything proof. It's also reversible. Features include:</span><br><i>• 350 gram reverse slub french terry<br>• Proprietary heathered face<br>• 90% Cotton 10% Poly composition<br>• Screen printed logos on front &amp; reverse side<br>• Reversible zipper pull<br>• Tyvek on reverse side</i><br><i>• Signature Never Working flag label</i></p>
<p> </p>","Days Off","Accessories","Accessories","TRUE","Color","Shore Grey",,,,,"DO161171-Grey",181,"shopify",5,"deny","manual",32,,"TRUE","TRUE",,"https://cdn.shopify.com/s/files/1/1510/6376/products/0003_2K3A4232edit.jpg?v=1492663076",1,"Forster Travel Pouch - days off","FALSE",,,,,,,,,,,,,,,,"https://cdn.shopify.com/s/files/1/1510/6376/products/0003_2K3A4232edit.jpg?v=1492663076","lb",
"forster-travel-pouch",,,,,,,,,,,,,,,,,,,,,,,,"https://cdn.shopify.com/s/files/1/1510/6376/products/0002_2K3A4233edit.jpg?v=1492663076",2,"Forster Travel Pouch - days off",,,,,,,,,,,,,,,,,,,
"forster-travel-pouch",,,,,,,,,,,,,,,,,,,,,,,,"https://cdn.shopify.com/s/files/1/1510/6376/products/0001_2K3A4236edit.jpg?v=1492663076",3,"Forster Travel Pouch - days off",,,,,,,,,,,,,,,,,,,
"forster-travel-pouch",,,,,,,,,,,,,,,,,,,,,,,,"https://cdn.shopify.com/s/files/1/1510/6376/products/0000_2K3A5906edit.jpg?v=1492663077",4,"Forster Travel Pouch - days off",,,,,,,,,,,,,,,,,,,
"manchester-sweatpants-obsidian-black","Manchester Sweatpants, Obsidian Black",,"Days Off","Bottoms","Bottoms","FALSE","Size","S","Color","Obsidian Black",,,"DO161151-Obsidian Black",181,"shopify",1,"deny","manual",90,,"TRUE","TRUE",,,,,"FALSE",,,,,,,,,,,,,,,,,"lb",
"manchester-sweatpants-obsidian-black",,,,,,,,"M",,"Obsidian Black",,,"DO161151-Obsidian Black",181,"shopify",3,"deny","manual",90,,"TRUE","TRUE",,,,,,,,,,,,,,,,,,,,,,"lb",
"manchester-sweatpants-obsidian-black",,,,,,,,"L",,"Obsidian Black",,,"DO161151-Obsidian Black",181,"shopify",3,"deny","manual",90,,"TRUE","TRUE",,,,,,,,,,,,,,,,,,,,,,"lb",
"manchester-sweatpants-obsidian-black",,,,,,,,"XL",,"Obsidian Black",,,"DO161151-Obsidian Black",181,"shopify",2,"deny","manual",90,,"TRUE","TRUE",,,,,,,,,,,,,,,,,,,,,,"lb",
"manchester-sweatpants-obsidian-black",,,,,,,,"2XL",,"Obsidian Black",,,"DO161151-Obsidian Black",181,"shopify",0,"deny","manual",90,,"TRUE","TRUE",,,,,,,,,,,,,,,,,,,,,,"lb",
"manchester-sweatpants-essex-blue","Manchester Sweatpants, Essex Blue","<meta charset=""utf-8""><meta charset=""utf-8"">
<p><span>Don't over think it, sweatpants are always an option. Features include:</span><br><i>• 350 gram reverse slub french terry<br>• Proprietary heathered face<br>• 90% Cotton 10% Poly composition<br>• Screen printed on back hip<br>• Embroidered ""nothing"" logo on left side <br>• Signature Never Working flag label</i></p>
<meta charset=""utf-8"">
<p><i>True to size for slim fit, size up one size for casual fit</i></p>","Days Off","Bottoms","Bottoms","TRUE","Size","S","Color","Essex Blue",,,"DO161151-Essex Blue",181,"shopify",1,"deny","manual",90,,"TRUE","TRUE",,"https://cdn.shopify.com/s/files/1/1510/6376/products/0000_DaysOff-23_FINAL.jpg?v=1492663081",1,"Manchester Sweatpants, Essex Blue - days off","FALSE",,,,,,,,,,,,,,,,"https://cdn.shopify.com/s/files/1/1510/6376/products/0000_DaysOff-23_FINAL.jpg?v=1492663081","lb",
"manchester-sweatpants-essex-blue",,,,,,,,"M",,"Essex Blue",,,"DO161151-Essex Blue",181,"shopify",2,"deny","manual",90,,"TRUE","TRUE",,"https://cdn.shopify.com/s/files/1/1510/6376/products/0004_DaysOff-25.jpg?v=1492663082",2,"Manchester Sweatpants, Essex Blue - days off",,,,,,,,,,,,,,,,,"https://cdn.shopify.com/s/files/1/1510/6376/products/0000_DaysOff-23_FINAL.jpg?v=1492663081","lb",
"manchester-sweatpants-essex-blue",,,,,,,,"L",,"Essex Blue",,,"DO161151-Essex Blue",181,"shopify",2,"deny","manual",90,,"TRUE","TRUE",,"https://cdn.shopify.com/s/files/1/1510/6376/products/0005_DaysOff-24.jpg?v=1492663083",3,"Manchester Sweatpants, Essex Blue - days off",,,,,,,,,,,,,,,,,"https://cdn.shopify.com/s/files/1/1510/6376/products/0000_DaysOff-23_FINAL.jpg?v=1492663081","lb",
"manchester-sweatpants-essex-blue",,,,,,,,"XL",,"Essex Blue",,,"DO161151-Essex Blue",181,"shopify",1,"deny","manual",90,,"TRUE","TRUE",,"https://cdn.shopify.com/s/files/1/1510/6376/products/0003_DaysOff-26.jpg?v=1492663084",4,"Manchester Sweatpants, Essex Blue - days off",,,,,,,,,,,,,,,,,"https://cdn.shopify.com/s/files/1/1510/6376/products/0000_DaysOff-23_FINAL.jpg?v=1492663081","lb",
"manchester-sweatpants-essex-blue",,,,,,,,"2XL",,"Essex Blue",,,"DO161151-Essex Blue",181,"shopify",1,"deny","manual",90,,"TRUE","TRUE",,,,,,,,,,,,,,,,,,,,,"https://cdn.shopify.com/s/files/1/1510/6376/products/0000_DaysOff-23_FINAL.jpg?v=1492663081","lb",
"manchester-sweatpants-shore-grey","Manchester Sweatpants, Shore Grey","<meta charset=""utf-8"">
<p><span>Don't over think it, sweatpants are always an option. Features include:</span><br><i>• 350 gram reverse slub french terry<br>• Proprietary heathered face<br>• 90% Cotton 10% Poly composition<br>• Screen printed on back hip<br>• Embroidered ""nothing"" logo on left side <br>• Signature Never Working flag label</i></p>
<meta charset=""utf-8"">
<p><i>True to size for slim fit, size up one size for casual fit</i></p>","Days Off","Bottoms","Bottoms","TRUE","Size","S","Color","Shore Grey",,,"DO161151-Shore Grey",181,"shopify",1,"deny","manual",90,,"TRUE","TRUE",,"https://cdn.shopify.com/s/files/1/1510/6376/products/0001_DaysOff-19_FINAL.jpg?v=1492663085",1,"Manchester Sweatpants, Shore Grey - days off","FALSE",,,,,,,,,,,,,,,,"https://cdn.shopify.com/s/files/1/1510/6376/products/0001_DaysOff-19_FINAL.jpg?v=1492663085","lb",
"manchester-sweatpants-shore-grey",,,,,,,,"M",,"Shore Grey",,,"DO161151-Shore Grey",181,"shopify",2,"deny","manual",90,,"TRUE","TRUE",,"https://cdn.shopify.com/s/files/1/1510/6376/products/pants_bottoms_grey_update.jpg?v=1492663086",2,"Manchester Sweatpants, Shore Grey - days off",,,,,,,,,,,,,,,,,"https://cdn.shopify.com/s/files/1/1510/6376/products/0001_DaysOff-19_FINAL.jpg?v=1492663085","lb",
"manchester-sweatpants-shore-grey",,,,,,,,"L",,"Shore Grey",,,"DO161151-Shore Grey",181,"shopify",2,"deny","manual",90,,"TRUE","TRUE",,"https://cdn.shopify.com/s/files/1/1510/6376/products/0002_DaysOff-20.jpg?v=1492663087",3,"Manchester Sweatpants, Shore Grey - days off",,,,,,,,,,,,,,,,,"https://cdn.shopify.com/s/files/1/1510/6376/products/0001_DaysOff-19_FINAL.jpg?v=1492663085","lb",
"manchester-sweatpants-shore-grey",,,,,,,,"XL",,"Shore Grey",,,"DO161151-Shore Grey",181,"shopify",0,"deny","manual",90,,"TRUE","TRUE",,"https://cdn.shopify.com/s/files/1/1510/6376/products/0001_DaysOff-22.jpg?v=1492663088",4,"Manchester Sweatpants, Shore Grey - days off",,,,,,,,,,,,,,,,,"https://cdn.shopify.com/s/files/1/1510/6376/products/0001_DaysOff-19_FINAL.jpg?v=1492663085","lb",
"manchester-sweatpants-shore-grey",,,,,,,,"2XL",,"Shore Grey",,,"DO161151-Shore Grey",181,"shopify",1,"deny","manual",90,,"TRUE","TRUE",,,,,,,,,,,,,,,,,,,,,"https://cdn.shopify.com/s/files/1/1510/6376/products/0001_DaysOff-19_FINAL.jpg?v=1492663085","lb",
"lincoln-sweatshorts-obsidian-black","Lincoln Sweatshorts, Obsidian Black",,"Days Off","Bottoms","Bottoms","FALSE","Size","S","Color","Obsidian Black",,,"DO161152-Obsidian Black",181,"shopify",1,"deny","manual",80,,"TRUE","TRUE",,,,,"FALSE",,,,,,,,,,,,,,,,,"lb",
"lincoln-sweatshorts-obsidian-black",,,,,,,,"M",,"Obsidian Black",,,"DO161152-Obsidian Black",181,"shopify",3,"deny","manual",80,,"TRUE","TRUE",,,,,,,,,,,,,,,,,,,,,,"lb",
"lincoln-sweatshorts-obsidian-black",,,,,,,,"L",,"Obsidian Black",,,"DO161152-Obsidian Black",181,"shopify",3,"deny","manual",80,,"TRUE","TRUE",,,,,,,,,,,,,,,,,,,,,,"lb",
"lincoln-sweatshorts-obsidian-black",,,,,,,,"XL",,"Obsidian Black",,,"DO161152-Obsidian Black",181,"shopify",2,"deny","manual",80,,"TRUE","TRUE",,,,,,,,,,,,,,,,,,,,,,"lb",
"lincoln-sweatshorts-obsidian-black",,,,,,,,"2XL",,"Obsidian Black",,,"DO161152-Obsidian Black",181,"shopify",1,"deny","manual",80,,"TRUE","TRUE",,,,,,,,,,,,,,,,,,,,,,"lb",
"lincoln-sweatshorts-essex-blue","Lincoln Sweatshorts, Essex Blue","<meta charset=""utf-8""><meta charset=""utf-8"">
<p><span>Perfect for lounging around the house, long walks on the beach and avoiding your girlfriend's phone calls. Features include:</span><br><i>• 350 gram reverse slub french terry<br>• Proprietary heathered face<br>• 90% Cotton 10% Poly composition<br>• Screen printed on back hip<br>• Embroidered ""nothing"" logo on left side <br>• Signature Never Working flag label</i></p>
<meta charset=""utf-8"">
<p><i>True to size for slim fit, size up one size for casual fit</i></p>","Days Off","Bottoms","Bottoms","TRUE","Size","S","Color","Essex Blue",,,"DO161152-Essex Blue",181,"shopify",1,"deny","manual",80,,"TRUE","TRUE",,"https://cdn.shopify.com/s/files/1/1510/6376/products/shorts_0000_DaysOff-43.jpg?v=1492663077",1,"Lincoln Sweatshorts, Essex Blue - days off","FALSE",,,,,,,,,,,,,,,,"https://cdn.shopify.com/s/files/1/1510/6376/products/shorts_0000_DaysOff-43.jpg?v=1492663077","lb",
"lincoln-sweatshorts-essex-blue",,,,,,,,"M",,"Essex Blue",,,"DO161152-Essex Blue",181,"shopify",2,"deny","manual",80,,"TRUE","TRUE",,"https://cdn.shopify.com/s/files/1/1510/6376/products/0003_DaysOff-44.jpg?v=1492663077",2,"Lincoln Sweatshorts, Essex Blue - days off",,,,,,,,,,,,,,,,,"https://cdn.shopify.com/s/files/1/1510/6376/products/shorts_0000_DaysOff-43.jpg?v=1492663077","lb",
"lincoln-sweatshorts-essex-blue",,,,,,,,"L",,"Essex Blue",,,"DO161152-Essex Blue",181,"shopify",2,"deny","manual",80,,"TRUE","TRUE",,"https://cdn.shopify.com/s/files/1/1510/6376/products/0002_DaysOff-45.jpg?v=1492663078",3,"Lincoln Sweatshorts, Essex Blue - days off",,,,,,,,,,,,,,,,,"https://cdn.shopify.com/s/files/1/1510/6376/products/shorts_0000_DaysOff-43.jpg?v=1492663077","lb",
"lincoln-sweatshorts-essex-blue",,,,,,,,"XL",,"Essex Blue",,,"DO161152-Essex Blue",181,"shopify",1,"deny","manual",80,,"TRUE","TRUE",,,,,,,,,,,,,,,,,,,,,"https://cdn.shopify.com/s/files/1/1510/6376/products/shorts_0000_DaysOff-43.jpg?v=1492663077","lb",
"lincoln-sweatshorts-essex-blue",,,,,,,,"2XL",,"Essex Blue",,,"DO161152-Essex Blue",181,"shopify",1,"deny","manual",80,,"TRUE","TRUE",,,,,,,,,,,,,,,,,,,,,"https://cdn.shopify.com/s/files/1/1510/6376/products/shorts_0000_DaysOff-43.jpg?v=1492663077","lb",
"lincoln-sweatshorts-shore-grey","Lincoln Sweatshorts, Shore Grey","<meta charset=""utf-8""><meta charset=""utf-8"">
<p><span>Perfect for lounging around the house, long walks on the beach and avoiding your girlfriend's phone calls. Features include:</span><br><i>• 350 gram reverse slub french terry<br>• Proprietary heathered face<br>• 90% Cotton 10% Poly composition<br>• Screen printed on back hip<br>• Embroidered ""nothing"" logo on left side <br>• Signature Never Working flag label</i></p>
<meta charset=""utf-8"">
<p><i>True to size for slim fit, size up one size for casual fit</i></p>","Days Off","Bottoms","Bottoms","TRUE","Size","S","Color","Shore Grey",,,"DO161152-Shore Grey",181,"shopify",1,"deny","manual",80,,"TRUE","TRUE",,"https://cdn.shopify.com/s/files/1/1510/6376/products/shorts_0001_DaysOff-46.jpg?v=1492663078",1,"Lincoln Sweatshorts, Shore Grey - days off","FALSE",,,,,,,,,,,,,,,,"https://cdn.shopify.com/s/files/1/1510/6376/products/shorts_0001_DaysOff-46.jpg?v=1492663078","lb",
"lincoln-sweatshorts-shore-grey",,,,,,,,"M",,"Shore Grey",,,"DO161152-Shore Grey",181,"shopify",2,"deny","manual",80,,"TRUE","TRUE",,"https://cdn.shopify.com/s/files/1/1510/6376/products/0001_DaysOff-47.jpg?v=1492663079",2,"Lincoln Sweatshorts, Shore Grey - days off",,,,,,,,,,,,,,,,,"https://cdn.shopify.com/s/files/1/1510/6376/products/shorts_0001_DaysOff-46.jpg?v=1492663078","lb",
"lincoln-sweatshorts-shore-grey",,,,,,,,"L",,"Shore Grey",,,"DO161152-Shore Grey",181,"shopify",2,"deny","manual",80,,"TRUE","TRUE",,"https://cdn.shopify.com/s/files/1/1510/6376/products/0000_DaysOff-48.jpg?v=1492663080",3,"Lincoln Sweatshorts, Shore Grey - days off",,,,,,,,,,,,,,,,,"https://cdn.shopify.com/s/files/1/1510/6376/products/shorts_0001_DaysOff-46.jpg?v=1492663078","lb",
"lincoln-sweatshorts-shore-grey",,,,,,,,"XL",,"Shore Grey",,,"DO161152-Shore Grey",181,"shopify",1,"deny","manual",80,,"TRUE","TRUE",,,,,,,,,,,,,,,,,,,,,"https://cdn.shopify.com/s/files/1/1510/6376/products/shorts_0001_DaysOff-46.jpg?v=1492663078","lb",
"lincoln-sweatshorts-shore-grey",,,,,,,,"2XL",,"Shore Grey",,,"DO161152-Shore Grey",181,"shopify",1,"deny","manual",80,,"TRUE","TRUE",,,,,,,,,,,,,,,,,,,,,"https://cdn.shopify.com/s/files/1/1510/6376/products/shorts_0001_DaysOff-46.jpg?v=1492663078","lb",
"desmond-crewneck-obsidian-black","Desmond Crewneck, Obsidian Black",,"Days Off","Sweaters","Tops","FALSE","Size","S","Color","Obsidian Black",,,"DO161122-Obsidian Black",181,"shopify",1,"deny","manual",100,,"TRUE","TRUE",,"https://cdn.shopify.com/s/files/1/1510/6376/products/days_off_final_web_crews_0000_DaysOff-57.jpg?v=1492663073",1,"Desmond Crewneck, Obsidian Black - days off","FALSE",,,,,,,,,,,,,,,,"https://cdn.shopify.com/s/files/1/1510/6376/products/days_off_final_web_crews_0000_DaysOff-57.jpg?v=1492663073","lb",
"desmond-crewneck-obsidian-black",,,,,,,,"M",,"Obsidian Black",,,"DO161122-Obsidian Black",181,"shopify",3,"deny","manual",100,,"TRUE","TRUE",,,,,,,,,,,,,,,,,,,,,"https://cdn.shopify.com/s/files/1/1510/6376/products/days_off_final_web_crews_0000_DaysOff-57.jpg?v=1492663073","lb",
"desmond-crewneck-obsidian-black",,,,,,,,"L",,"Obsidian Black",,,"DO161122-Obsidian Black",181,"shopify",3,"deny","manual",100,,"TRUE","TRUE",,,,,,,,,,,,,,,,,,,,,"https://cdn.shopify.com/s/files/1/1510/6376/products/days_off_final_web_crews_0000_DaysOff-57.jpg?v=1492663073","lb",
"desmond-crewneck-obsidian-black",,,,,,,,"XL",,"Obsidian Black",,,"DO161122-Obsidian Black",181,"shopify",1,"deny","manual",100,,"TRUE","TRUE",,,,,,,,,,,,,,,,,,,,,"https://cdn.shopify.com/s/files/1/1510/6376/products/days_off_final_web_crews_0000_DaysOff-57.jpg?v=1492663073","lb",
"desmond-crewneck-obsidian-black",,,,,,,,"2XL",,"Obsidian Black",,,"DO161122-Obsidian Black",181,"shopify",1,"deny","manual",100,,"TRUE","TRUE",,,,,,,,,,,,,,,,,,,,,"https://cdn.shopify.com/s/files/1/1510/6376/products/days_off_final_web_crews_0000_DaysOff-57.jpg?v=1492663073","lb",
"desmond-crewneck-essex-blue","Desmond Crewneck, Essex Blue","<meta charset=""utf-8"">
<p><span>At Days Off we consider ourselves a crew, and our customers are part of that crew, this is also a crew...neck sweatshirt. Features include:</span><br><i>• 350 gram reverse slub french terry<br>• Proprietary heathered face<br>• 90% Cotton 10% Poly composition<br>• Screen printed logos on left chest and back hip<br>• Embroidered ""nothing"" logo on left wrist<br>• Signature Never Working flag label</i></p>
<meta charset=""utf-8"">
<p><i>True to size for slim fit, size up one size for casual fit</i></p>","Days Off","Sweaters","Tops","TRUE","Size","S","Color","Essex Blue",,,"DO161122-Essex Blue",181,"shopify",1,"deny","manual",100,,"TRUE","TRUE",,"https://cdn.shopify.com/s/files/1/1510/6376/products/days_off_final_web_crews_0001_DaysOff-52.jpg?v=1492663072",1,"Desmond Crewneck, Essex Blue - days off","FALSE",,,,,,,,,,,,,,,,"https://cdn.shopify.com/s/files/1/1510/6376/products/days_off_final_web_crews_0001_DaysOff-52.jpg?v=1492663072","lb",
"desmond-crewneck-essex-blue",,,,,,,,"M",,"Essex Blue",,,"DO161122-Essex Blue",181,"shopify",2,"deny","manual",100,,"TRUE","TRUE",,"https://cdn.shopify.com/s/files/1/1510/6376/products/0005_DaysOff-55.jpg?v=1492663072",2,"Desmond Crewneck, Essex Blue - days off",,,,,,,,,,,,,,,,,"https://cdn.shopify.com/s/files/1/1510/6376/products/days_off_final_web_crews_0001_DaysOff-52.jpg?v=1492663072","lb",
"desmond-crewneck-essex-blue",,,,,,,,"L",,"Essex Blue",,,"DO161122-Essex Blue",181,"shopify",2,"deny","manual",100,,"TRUE","TRUE",,"https://cdn.shopify.com/s/files/1/1510/6376/products/0004_DaysOff-54.jpg?v=1492663073",3,"Desmond Crewneck, Essex Blue - days off",,,,,,,,,,,,,,,,,"https://cdn.shopify.com/s/files/1/1510/6376/products/days_off_final_web_crews_0001_DaysOff-52.jpg?v=1492663072","lb",
"desmond-crewneck-essex-blue",,,,,,,,"XL",,"Essex Blue",,,"DO161122-Essex Blue",181,"shopify",1,"deny","manual",100,,"TRUE","TRUE",,"https://cdn.shopify.com/s/files/1/1510/6376/products/0003_DaysOff-56.jpg?v=1492663073",4,"Desmond Crewneck, Essex Blue - days off",,,,,,,,,,,,,,,,,"https://cdn.shopify.com/s/files/1/1510/6376/products/days_off_final_web_crews_0001_DaysOff-52.jpg?v=1492663072","lb",
"desmond-crewneck-essex-blue",,,,,,,,"2XL",,"Essex Blue",,,"DO161122-Essex Blue",181,"shopify",1,"deny","manual",100,,"TRUE","TRUE",,,,,,,,,,,,,,,,,,,,,"https://cdn.shopify.com/s/files/1/1510/6376/products/days_off_final_web_crews_0001_DaysOff-52.jpg?v=1492663072","lb",
"desmond-crewneck-shore-grey","Desmond Crewneck, Shore Grey","<meta charset=""utf-8"">
<p><span>At Days Off we consider ourselves a crew, and our customers are part of that crew, this is also a crew...neck sweatshirt. Features include:</span><br><i>• 350 gram reverse slub french terry<br>• Proprietary heathered face<br>• 90% Cotton 10% Poly composition<br>• Screen printed logos on left chest and back hip<br>• Embroidered ""nothing"" logo on left wrist<br>• Signature Never Working flag label</i></p>
<meta charset=""utf-8"">
<p><i>True to size for slim fit, size up one size for casual fit</i></p>","Days Off","Sweaters","Tops","TRUE","Size","S","Color","Shore Grey",,,"DO161122-Shore Grey",181,"shopify",1,"deny","manual",100,,"TRUE","TRUE",,"https://cdn.shopify.com/s/files/1/1510/6376/products/days_off_final_web_crews_0002_DaysOff-61.jpg?v=1492663074",1,"Desmond Crewneck, Shore Grey - days off","FALSE",,,,,,,,,,,,,,,,"https://cdn.shopify.com/s/files/1/1510/6376/products/days_off_final_web_crews_0002_DaysOff-61.jpg?v=1492663074","lb",
"desmond-crewneck-shore-grey",,,,,,,,"M",,"Shore Grey",,,"DO161122-Shore Grey",181,"shopify",2,"deny","manual",100,,"TRUE","TRUE",,"https://cdn.shopify.com/s/files/1/1510/6376/products/0002_DaysOff-63.jpg?v=1492663074",2,"Desmond Crewneck, Shore Grey - days off",,,,,,,,,,,,,,,,,"https://cdn.shopify.com/s/files/1/1510/6376/products/days_off_final_web_crews_0002_DaysOff-61.jpg?v=1492663074","lb",
"desmond-crewneck-shore-grey",,,,,,,,"L",,"Shore Grey",,,"DO161122-Shore Grey",181,"shopify",2,"deny","manual",100,,"TRUE","TRUE",,"https://cdn.shopify.com/s/files/1/1510/6376/products/0001_DaysOff-62.jpg?v=1492663075",3,"Desmond Crewneck, Shore Grey - days off",,,,,,,,,,,,,,,,,"https://cdn.shopify.com/s/files/1/1510/6376/products/days_off_final_web_crews_0002_DaysOff-61.jpg?v=1492663074","lb",
"desmond-crewneck-shore-grey",,,,,,,,"XL",,"Shore Grey",,,"DO161122-Shore Grey",181,"shopify",0,"deny","manual",100,,"TRUE","TRUE",,"https://cdn.shopify.com/s/files/1/1510/6376/products/0000_DaysOff-64.jpg?v=1492663075",4,"Desmond Crewneck, Shore Grey - days off",,,,,,,,,,,,,,,,,"https://cdn.shopify.com/s/files/1/1510/6376/products/days_off_final_web_crews_0002_DaysOff-61.jpg?v=1492663074","lb",
"desmond-crewneck-shore-grey",,,,,,,,"2XL",,"Shore Grey",,,"DO161122-Shore Grey",181,"shopify",1,"deny","manual",100,,"TRUE","TRUE",,,,,,,,,,,,,,,,,,,,,"https://cdn.shopify.com/s/files/1/1510/6376/products/days_off_final_web_crews_0002_DaysOff-61.jpg?v=1492663074","lb",
"brooks-pullover-hoodie-obsidian-black","Brooks Pullover Hoodie, Obsidian Black",,"Days Off","Sweaters","Tops","FALSE","Size","S","Color","Obsidian Black",,,"DO161121-Obsidian Black",181,"shopify",1,"deny","manual",110,,"TRUE","TRUE",,"https://cdn.shopify.com/s/files/1/1510/6376/products/days_off_final_web_0001_DaysOff-11.jpg?v=1492663070",1,"Brooks Pullover Hoodie, Obsidian Black - days off","FALSE",,,,,,,,,,,,,,,,"https://cdn.shopify.com/s/files/1/1510/6376/products/days_off_final_web_0001_DaysOff-11.jpg?v=1492663070","lb",
"brooks-pullover-hoodie-obsidian-black",,,,,,,,"M",,"Obsidian Black",,,"DO161121-Obsidian Black",181,"shopify",3,"deny","manual",110,,"TRUE","TRUE",,,,,,,,,,,,,,,,,,,,,"https://cdn.shopify.com/s/files/1/1510/6376/products/days_off_final_web_0001_DaysOff-11.jpg?v=1492663070","lb",
"brooks-pullover-hoodie-obsidian-black",,,,,,,,"L",,"Obsidian Black",,,"DO161121-Obsidian Black",181,"shopify",3,"deny","manual",110,,"TRUE","TRUE",,,,,,,,,,,,,,,,,,,,,"https://cdn.shopify.com/s/files/1/1510/6376/products/days_off_final_web_0001_DaysOff-11.jpg?v=1492663070","lb",
"brooks-pullover-hoodie-obsidian-black",,,,,,,,"XL",,"Obsidian Black",,,"DO161121-Obsidian Black",181,"shopify",1,"deny","manual",110,,"TRUE","TRUE",,,,,,,,,,,,,,,,,,,,,"https://cdn.shopify.com/s/files/1/1510/6376/products/days_off_final_web_0001_DaysOff-11.jpg?v=1492663070","lb",
"brooks-pullover-hoodie-obsidian-black",,,,,,,,"2XL",,"Obsidian Black",,,"DO161121-Obsidian Black",181,"shopify",0,"deny","manual",110,,"TRUE","TRUE",,,,,,,,,,,,,,,,,,,,,"https://cdn.shopify.com/s/files/1/1510/6376/products/days_off_final_web_0001_DaysOff-11.jpg?v=1492663070","lb",
"brooks-pullover-hoodie-essex-blue","Brooks Pullover Hoodie, Essex Blue","<meta charset=""utf-8"">
<p><span>Not to brag, but after two years of fine tuning we developed the perfect hoodie. Features include:</span><br><i>• 350 gram reverse slub french terry<br>• Proprietary heathered face<br>• 90% Cotton 10% Poly composition<br>• Screen printed logos on hood and back hip<br>• Embroidered ""nothing"" logo on left wrist<br>• Signature Never Working flag label</i></p>
<meta charset=""utf-8"">
<p><i>True to size for slim fit, size up one size for casual fit</i></p>","Days Off","Sweaters","Hoodies","TRUE","Size","S","Color","Essex Blue",,,"DO161121-Essex Blue",181,"shopify",1,"deny","manual",110,,"TRUE","TRUE",,"https://cdn.shopify.com/s/files/1/1510/6376/products/days_off_final_web_0000_2K3A3996edit.jpg?v=1492663069",1,"Brooks Pullover Hoodie, Essex Blue - days off","FALSE",,,,,,,,,,,,,,,,"https://cdn.shopify.com/s/files/1/1510/6376/products/days_off_final_web_0000_2K3A3996edit.jpg?v=1492663069","lb",
"brooks-pullover-hoodie-essex-blue",,,,,,,,"M",,"Essex Blue",,,"DO161121-Essex Blue",181,"shopify",2,"deny","manual",110,,"TRUE","TRUE",,"https://cdn.shopify.com/s/files/1/1510/6376/products/0002_DaysOff-3.jpg?v=1492663069",2,"Brooks Pullover Hoodie, Essex Blue - days off",,,,,,,,,,,,,,,,,"https://cdn.shopify.com/s/files/1/1510/6376/products/days_off_final_web_0000_2K3A3996edit.jpg?v=1492663069","lb",
"brooks-pullover-hoodie-essex-blue",,,,,,,,"L",,"Essex Blue",,,"DO161121-Essex Blue",181,"shopify",2,"deny","manual",110,,"TRUE","TRUE",,"https://cdn.shopify.com/s/files/1/1510/6376/products/0001_DaysOff-2.jpg?v=1492663069",3,"Brooks Pullover Hoodie, Essex Blue - days off",,,,,,,,,,,,,,,,,"https://cdn.shopify.com/s/files/1/1510/6376/products/days_off_final_web_0000_2K3A3996edit.jpg?v=1492663069","lb",
"brooks-pullover-hoodie-essex-blue",,,,,,,,"XL",,"Essex Blue",,,"DO161121-Essex Blue",181,"shopify",1,"deny","manual",110,,"TRUE","TRUE",,"https://cdn.shopify.com/s/files/1/1510/6376/products/0000_DaysOff-4.jpg?v=1492663070",4,"Brooks Pullover Hoodie, Essex Blue - days off",,,,,,,,,,,,,,,,,"https://cdn.shopify.com/s/files/1/1510/6376/products/days_off_final_web_0000_2K3A3996edit.jpg?v=1492663069","lb",
"brooks-pullover-hoodie-essex-blue",,,,,,,,"2XL",,"Essex Blue",,,"DO161121-Essex Blue",181,"shopify",1,"deny","manual",110,,"TRUE","TRUE",,,,,,,,,,,,,,,,,,,,,"https://cdn.shopify.com/s/files/1/1510/6376/products/days_off_final_web_0000_2K3A3996edit.jpg?v=1492663069","lb",
"brooks-pullover-hoodie-shore-grey","Brooks Pullover Hoodie, Shore Grey","<meta charset=""utf-8"">
<p><span>Not to brag, but after two years of fine tuning we developed the perfect hoodie. Features include:</span><br><i>• 350 gram reverse slub french terry<br>• Proprietary heathered face<br>• 90% Cotton 10% Poly composition<br>• Screen printed logos on hood and back hip<br>• Embroidered ""nothing"" logo on left wrist<br>• Signature Never Working flag label</i></p>
<meta charset=""utf-8"">
<p><i>True to size for slim fit, size up one size for casual fit</i></p>","Days Off","Sweaters","Hoodies","TRUE","Size","S","Color","Shore Grey",,,"DO161121-Shore Grey",181,"shopify",1,"deny","manual",110,,"TRUE","TRUE",,"https://cdn.shopify.com/s/files/1/1510/6376/products/days_off_final_web_0002_DaysOff-5.jpg?v=1492663070",1,"Brooks Pullover Hoodie, Shore Grey - days off","FALSE",,,,,,,,,,,,,,,,"https://cdn.shopify.com/s/files/1/1510/6376/products/days_off_final_web_0002_DaysOff-5.jpg?v=1492663070","lb",
"brooks-pullover-hoodie-shore-grey",,,,,,,,"M",,"Shore Grey",,,"DO161121-Shore Grey",181,"shopify",2,"deny","manual",110,,"TRUE","TRUE",,"https://cdn.shopify.com/s/files/1/1510/6376/products/0008_DaysOff-8.jpg?v=1492663071",2,"Brooks Pullover Hoodie, Shore Grey - days off",,,,,,,,,,,,,,,,,"https://cdn.shopify.com/s/files/1/1510/6376/products/days_off_final_web_0002_DaysOff-5.jpg?v=1492663070","lb",
"brooks-pullover-hoodie-shore-grey",,,,,,,,"L",,"Shore Grey",,,"DO161121-Shore Grey",181,"shopify",2,"deny","manual",110,,"TRUE","TRUE",,"https://cdn.shopify.com/s/files/1/1510/6376/products/0007_DaysOff-7.jpg?v=1492663071",3,"Brooks Pullover Hoodie, Shore Grey - days off",,,,,,,,,,,,,,,,,"https://cdn.shopify.com/s/files/1/1510/6376/products/days_off_final_web_0002_DaysOff-5.jpg?v=1492663070","lb",
"brooks-pullover-hoodie-shore-grey",,,,,,,,"XL",,"Shore Grey",,,"DO161121-Shore Grey",181,"shopify",1,"deny","manual",110,,"TRUE","TRUE",,"https://cdn.shopify.com/s/files/1/1510/6376/products/0006_DaysOff-9.jpg?v=1492663071",4,"Brooks Pullover Hoodie, Shore Grey - days off",,,,,,,,,,,,,,,,,"https://cdn.shopify.com/s/files/1/1510/6376/products/days_off_final_web_0002_DaysOff-5.jpg?v=1492663070","lb",
"brooks-pullover-hoodie-shore-grey",,,,,,,,"2XL",,"Shore Grey",,,"DO161121-Shore Grey",181,"shopify",1,"deny","manual",110,,"TRUE","TRUE",,,,,,,,,,,,,,,,,,,,,"https://cdn.shopify.com/s/files/1/1510/6376/products/days_off_final_web_0002_DaysOff-5.jpg?v=1492663070","lb",
"days-off-logo-tee-obsidian-black","Norwood T-Shirt, Obsidian Black",,"Days Off","Tees","Tops","FALSE","Size","S","Color","Obsidian Black",,,"DO161111-Obsidian Black",181,"shopify",2,"deny","manual",48,,"TRUE","TRUE",,,,,"FALSE",,,,,,,,,,,,,,,,,"lb",
"days-off-logo-tee-obsidian-black",,,,,,,,"M",,"Obsidian Black",,,"DO161111-Obsidian Black",181,"shopify",4,"deny","manual",48,,"TRUE","TRUE",,,,,,,,,,,,,,,,,,,,,,"lb",
"days-off-logo-tee-obsidian-black",,,,,,,,"L",,"Obsidian Black",,,"DO161111-Obsidian Black",181,"shopify",4,"deny","manual",48,,"TRUE","TRUE",,,,,,,,,,,,,,,,,,,,,,"lb",
"days-off-logo-tee-obsidian-black",,,,,,,,"XL",,"Obsidian Black",,,"DO161111-Obsidian Black",181,"shopify",2,"deny","manual",48,,"TRUE","TRUE",,,,,,,,,,,,,,,,,,,,,,"lb",
"days-off-logo-tee-obsidian-black",,,,,,,,"2XL",,"Obsidian Black",,,"DO161111-Obsidian Black",181,"shopify",1,"deny","manual",48,,"TRUE","TRUE",,,,,,,,,,,,,,,,,,,,,,"lb",
"days-off-logo-tee-essex-blue","Norwood T-Shirt, Essex Blue","<meta charset=""utf-8"">
<p><span>Its easy to find a t-shirt that you can throw away, but hard to find one that lasts forever. You can thank us later. Features include:</span><br><i>• 180 gram cotton / poly blend<br>• Proprietary heathered face<br>• Screen printed logos on left chest and back hip<br>• Embroidered ""nothing"" logo on left sleeve<br>• Signature Never Working flag label</i></p>
<meta charset=""utf-8"">
<p><i>True to size for slim fit, size up one size for casual fit</i></p>","Days Off","Tees","Tops","TRUE","Size","S","Color","Essex Blue",,,"DO161111-Essex Blue",181,"shopify",1,"deny","manual",48,,"TRUE","TRUE",,"https://cdn.shopify.com/s/files/1/1510/6376/products/0000_DaysOff-35.jpg?v=1492663089",1,"Norwood T-Shirt, Essex Blue - days off","FALSE",,,,,,,,,,,,,,,,,"lb",
"days-off-logo-tee-essex-blue",,,,,,,,"M",,"Essex Blue",,,"DO161111-Essex Blue",181,"shopify",3,"deny","manual",48,,"TRUE","TRUE",,"https://cdn.shopify.com/s/files/1/1510/6376/products/0003_DaysOff-37_d9cf1765-50ea-45ad-9f41-0a5e7123ff55.jpg?v=1492663090",2,"Norwood T-Shirt, Essex Blue - days off",,,,,,,,,,,,,,,,,,"lb",
"days-off-logo-tee-essex-blue",,,,,,,,"L",,"Essex Blue",,,"DO161111-Essex Blue",181,"shopify",3,"deny","manual",48,,"TRUE","TRUE",,"https://cdn.shopify.com/s/files/1/1510/6376/products/0005_DaysOff-36.jpg?v=1492663091",3,"Norwood T-Shirt, Essex Blue - days off",,,,,,,,,,,,,,,,,,"lb",
"days-off-logo-tee-essex-blue",,,,,,,,"XL",,"Essex Blue",,,"DO161111-Essex Blue",181,"shopify",2,"deny","manual",48,,"TRUE","TRUE",,"https://cdn.shopify.com/s/files/1/1510/6376/products/0004_DaysOff-38.jpg?v=1492663092",4,"Norwood T-Shirt, Essex Blue - days off",,,,,,,,,,,,,,,,,,"lb",
"days-off-logo-tee-essex-blue",,,,,,,,"2XL",,"Essex Blue",,,"DO161111-Essex Blue",181,"shopify",1,"deny","manual",48,,"TRUE","TRUE",,,,,,,,,,,,,,,,,,,,,,"lb",
"days-off-logo-tee-shore-grey","Norwood T-Shirt, Shore Grey","<meta charset=""utf-8"">
<p><span>Its easy to find a t-shirt that you can throw away, but hard to find one that lasts forever. You can thank us later. Features include:</span><br><i>• 180 gram cotton / poly blend<br>• Proprietary heathered face<br>• Screen printed logos on left chest and back hip<br>• Embroidered ""nothing"" logo on left sleeve<br>• Signature Never Working flag label</i></p>
<meta charset=""utf-8"">
<p><i>True to size for slim fit, size up one size for casual fit</i></p>","Days Off","Tees","Tops","TRUE","Size","S","Color","Shore Grey",,,"DO161111-Shore Grey",181,"shopify",1,"deny","manual",48,,"TRUE","TRUE",,"https://cdn.shopify.com/s/files/1/1510/6376/products/tees__0002_DaysOff-39.jpg?v=1492663093",1,"Norwood T-Shirt, Shore Grey - days off","FALSE",,,,,,,,,,,,,,,,"https://cdn.shopify.com/s/files/1/1510/6376/products/tees__0002_DaysOff-39.jpg?v=1492663093","lb",
"days-off-logo-tee-shore-grey",,,,,,,,"M",,"Shore Grey",,,"DO161111-Shore Grey",181,"shopify",3,"deny","manual",48,,"TRUE","TRUE",,"https://cdn.shopify.com/s/files/1/1510/6376/products/0002_DaysOff-41.jpg?v=1492663094",2,"Norwood T-Shirt, Shore Grey - days off",,,,,,,,,,,,,,,,,"https://cdn.shopify.com/s/files/1/1510/6376/products/tees__0002_DaysOff-39.jpg?v=1492663093","lb",
"days-off-logo-tee-shore-grey",,,,,,,,"L",,"Shore Grey",,,"DO161111-Shore Grey",181,"shopify",3,"deny","manual",48,,"TRUE","TRUE",,"https://cdn.shopify.com/s/files/1/1510/6376/products/0000_DaysOff-40.jpg?v=1492663095",3,"Norwood T-Shirt, Shore Grey - days off",,,,,,,,,,,,,,,,,"https://cdn.shopify.com/s/files/1/1510/6376/products/tees__0002_DaysOff-39.jpg?v=1492663093","lb",
"days-off-logo-tee-shore-grey",,,,,,,,"XL",,"Shore Grey",,,"DO161111-Shore Grey",181,"shopify",2,"deny","manual",48,,"TRUE","TRUE",,"https://cdn.shopify.com/s/files/1/1510/6376/products/0001_DaysOff-42.jpg?v=1492663096",4,"Norwood T-Shirt, Shore Grey - days off",,,,,,,,,,,,,,,,,"https://cdn.shopify.com/s/files/1/1510/6376/products/tees__0002_DaysOff-39.jpg?v=1492663093","lb",
"days-off-logo-tee-shore-grey",,,,,,,,"2XL",,"Shore Grey",,,"DO161111-Shore Grey",181,"shopify",1,"deny","manual",48,,"TRUE","TRUE",,,,,,,,,,,,,,,,,,,,,"https://cdn.shopify.com/s/files/1/1510/6376/products/tees__0002_DaysOff-39.jpg?v=1492663093","lb",
"bennett-tyvek-jacket-ivory","Bennett Tyvek Jacket, Ivory","<meta charset=""utf-8"">
<p>Made of 100% tumbled Tyvek, this jacket will keep you warm in a polar vortex with nothing underneath it but a Days Off T-Shirt. Features include:<br> <i>• Magnetic closures<br> • Grenade zipper pulls<br> • Reverse flap &amp; under arm eyelets for ventilation<br> • Screen printed logos on hood and right sleeve<br> • Tonal bungees for hood tightening<br> • Signature Never Working flag label</i></p>
<meta charset=""utf-8"">
<p><i>True to size for slim fit, size up one size for casual fit</i></p>","Days Off","Jackets","Jackets","TRUE","Size","S","Color","Ivory",,,"DO161141-Ivory",181,"shopify",1,"deny","manual",150,,"TRUE","TRUE",,"https://cdn.shopify.com/s/files/1/1510/6376/products/tyvek_porductshot.jpg?v=1492663067",1,"Bennett Tyvek Jacket, Ivory - days off","FALSE",,,,,,,,,,,,,,,,"https://cdn.shopify.com/s/files/1/1510/6376/products/tyvek_porductshot.jpg?v=1492663067","lb",
"bennett-tyvek-jacket-ivory",,,,,,,,"M",,"Ivory",,,"DO161141-Ivory",181,"shopify",2,"deny","manual",150,,"TRUE","TRUE",,"https://cdn.shopify.com/s/files/1/1510/6376/products/0000_DaysOff-72.jpg?v=1492663067",2,"Bennett Tyvek Jacket, Ivory - days off",,,,,,,,,,,,,,,,,"https://cdn.shopify.com/s/files/1/1510/6376/products/tyvek_porductshot.jpg?v=1492663067","lb",
"bennett-tyvek-jacket-ivory",,,,,,,,"L",,"Ivory",,,"DO161141-Ivory",181,"shopify",2,"deny","manual",150,,"TRUE","TRUE",,"https://cdn.shopify.com/s/files/1/1510/6376/products/0001_DaysOff-73.jpg?v=1492663068",3,"Bennett Tyvek Jacket, Ivory - days off",,,,,,,,,,,,,,,,,"https://cdn.shopify.com/s/files/1/1510/6376/products/tyvek_porductshot.jpg?v=1492663067","lb",
"bennett-tyvek-jacket-ivory",,,,,,,,"XL",,"Ivory",,,"DO161141-Ivory",181,"shopify",1,"deny","manual",150,,"TRUE","TRUE",,"https://cdn.shopify.com/s/files/1/1510/6376/products/grenade_zipper.jpg?v=1492663068",4,"Bennett Tyvek Jacket, Ivory - days off",,,,,,,,,,,,,,,,,"https://cdn.shopify.com/s/files/1/1510/6376/products/tyvek_porductshot.jpg?v=1492663067","lb",
"bennett-tyvek-jacket-ivory",,,,,,,,"2XL",,"Ivory",,,"DO161141-Ivory",181,"shopify",0,"deny","manual",150,,"TRUE","TRUE",,"https://cdn.shopify.com/s/files/1/1510/6376/products/0003_DaysOff-70.jpg?v=1492663068",5,"Bennett Tyvek Jacket, Ivory - days off",,,,,,,,,,,,,,,,,"https://cdn.shopify.com/s/files/1/1510/6376/products/tyvek_porductshot.jpg?v=1492663067","lb",
"rosedale-varsity-jacket-navy","Rosedale Varsity Jacket, Navy","<meta charset=""utf-8"">
<p><span>This varsity jacket may be the best piece in this collection aside from everything else. Features include:</span><br><i>• Poly twill body<br>• Tyvek sleeves<br>• Eyelets under arms for ventilation<br>• Screen printed logo on back hip<br>• Tyvek interior flap with screen printed logo<br>• Signature Never Working flag label</i><br><i><i>• Printed</i></i><i> ""nothing"" logo on left wrist</i></p>
<meta charset=""utf-8"">
<p><i>True to size for slim fit, size up one size for casual fit</i></p>","Days Off","Jackets","Jackets","TRUE","Size","S","Color","Navy",,,"DO161142-Navy",181,"shopify",1,"deny","manual",130,,"TRUE","TRUE",,"https://cdn.shopify.com/s/files/1/1510/6376/products/jackets__0000_DaysOff-65.jpg?v=1492663099",1,"Rosedale Varsity Jacket, Navy - days off","FALSE",,,,,,,,,,,,,,,,"https://cdn.shopify.com/s/files/1/1510/6376/products/jackets__0000_DaysOff-65.jpg?v=1492663099","lb",
"rosedale-varsity-jacket-navy",,,,,,,,"M",,"Navy",,,"DO161142-Navy",181,"shopify",2,"deny","manual",130,,"TRUE","TRUE",,"https://cdn.shopify.com/s/files/1/1510/6376/products/0007_DaysOff-67.jpg?v=1492663100",2,"Rosedale Varsity Jacket, Navy - days off",,,,,,,,,,,,,,,,,"https://cdn.shopify.com/s/files/1/1510/6376/products/jackets__0000_DaysOff-65.jpg?v=1492663099","lb",
"rosedale-varsity-jacket-navy",,,,,,,,"L",,"Navy",,,"DO161142-Navy",181,"shopify",2,"deny","manual",130,,"TRUE","TRUE",,"https://cdn.shopify.com/s/files/1/1510/6376/products/0004_DaysOff-68.jpg?v=1492663101",3,"Rosedale Varsity Jacket, Navy - days off",,,,,,,,,,,,,,,,,"https://cdn.shopify.com/s/files/1/1510/6376/products/jackets__0000_DaysOff-65.jpg?v=1492663099","lb",
"rosedale-varsity-jacket-navy",,,,,,,,"XL",,"Navy",,,"DO161142-Navy",181,"shopify",1,"deny","manual",130,,"TRUE","TRUE",,"https://cdn.shopify.com/s/files/1/1510/6376/products/0005_DaysOff-69.jpg?v=1492663108",4,"Rosedale Varsity Jacket, Navy - days off",,,,,,,,,,,,,,,,,"https://cdn.shopify.com/s/files/1/1510/6376/products/jackets__0000_DaysOff-65.jpg?v=1492663099","lb",
"rosedale-varsity-jacket-navy",,,,,,,,"2X",,"Navy",,,"DO161142-Navy",181,"shopify",0,"deny","manual",130,,"TRUE","TRUE",,"https://cdn.shopify.com/s/files/1/1510/6376/products/0006_DaysOff-66.jpg?v=1492663108",5,"Rosedale Varsity Jacket, Navy - days off",,,,,,,,,,,,,,,,,"https://cdn.shopify.com/s/files/1/1510/6376/products/jackets__0000_DaysOff-65.jpg?v=1492663099","lb",
